Line,Gradient,Intercept,Domain_Min,Domain_Max,Range_Min,Range_Max
1,0.0923568,1838.94,-8762.47,1593.29,966.641,1990.08
2,0.143197,-1765.94,-3841.2,3152.57,-2342.76,-1283.94
3,0.141291,-1792.67,-3839.03,3126.01,-2355.4,-1328.71
